VariableName,VariableCode,Type_Of_Variable,Unit_Of_Measure,Scaling_Factor,Aggregation_Type,Weighing_Varible_ID,Weighing_Variable_Name,Long_Description
Country,Country,Key Identifier,"",0,,"","",Country
YearCode,YearCode,Key Identifier,"",0,,"","",YearCode
Year,Year,Key Identifier,"",0,,"","",Year
Crop name,D6161_3,Key Identifier,"",,,"","","Crop name like food grains, rice, wheat, jowar, bajra, maize, total pulses, gram, tur, groundnut, rapeseed and mustard, cotton etc."
Comments,D6161_8,String Variable,"",,,"","",Comments
Area,I6161_4,Numeric Variable,Ha ( Hectares ),1000,sum,Not Applicable,Not Applicable,Area in Thousand Hectares
Production,I6161_5,Numeric Variable,t ( Tonnes ),1000,sum,Not Applicable,Not Applicable,Production in Thousand Tonnes
Yield,I6161_6,Numeric Variable,Kg/Ha ( Kilogram per Hectare ),1,sum,Not Applicable,Not Applicable,Yield in Kilogram per Hectare
Percentage of area under irrigation ( % ),I6161_7,Numeric Variable,% ( Percentage ),1,avg,Not Applicable,Not Applicable,Percentage of area under irrigation ( % )
